crop,temperature,humidity,market_price,disease_risk,water_need
Ragi,31.9,37.3,3513.6,0,0
Sugarcane,27.3,46.2,2087.13,0,0
Sugarcane,34.0,68.3,2030.88,0,1
Paddy,31.4,92.8,1800.55,2,0
Sugarcane,34.3,64.5,2010.6,0,1
Sugarcane,29.4,64.5,2209.24,0,0
Ragi,26.8,61.4,2759.58,0,0
Ragi,34.7,48.7,3617.92,0,1
Ragi,22.6,32.6,3733.55,0,0
Paddy,32.5,70.7,1868.37,0,0
Ragi,30.2,54.4,3583.15,0,0
Ragi,33.6,40.4,3361.28,0,1
Paddy,27.5,67.3,2197.39,0,0
Sugarcane,39.5,71.0,3409.25,1,1
Paddy,34.0,85.5,2028.58,2,1
Paddy,24.5,61.6,2027.73,0,0
Sugarcane,29.1,73.1,2535.13,0,0
Sugarcane,27.1,72.1,2111.83,0,0
Ragi,26.4,45.8,2881.53,0,0
Ragi,32.2,58.3,3447.71,0,0
Sugarcane,34.1,77.1,2976.62,0,1
Ragi,32.8,48.0,2624.03,0,0
Ragi,24.7,43.0,3448.49,0,0
Paddy,33.5,76.5,1883.72,0,1
Paddy,33.0,85.3,1965.19,2,1
Paddy,28.4,78.3,2099.28,0,0
Paddy,27.7,67.1,2427.03,0,0
Sugarcane,29.7,60.3,3361.35,0,0
Ragi,29.1,51.6,2763.98,0,0
Sugarcane,26.2,51.6,2241.83,0,0
Paddy,30.1,70.3,1873.85,0,0
Paddy,33.5,71.4,1885.46,0,1
Sugarcane,29.8,44.4,2341.9,0,0
Paddy,22.0,72.3,2013.35,0,0
Paddy,28.6,74.6,1955.48,0,0
Ragi,24.0,39.8,2718.78,0,0
Sugarcane,31.1,42.6,2380.87,0,0
Paddy,31.1,84.9,1903.66,0,0
Sugarcane,29.0,79.1,2616.56,0,0
Ragi,24.2,66.3,2811.43,1,0
Paddy,28.9,75.7,2187.03,0,0
Ragi,30.1,60.5,2808.93,0,0
Ragi,32.0,48.8,3778.45,0,0
Paddy,29.0,63.2,2384.71,0,0
Ragi,22.8,31.6,3268.16,0,0
Ragi,23.3,58.4,3552.35,0,0
Ragi,22.6,57.6,3002.76,0,0
Paddy,32.9,83.6,2314.65,0,0
Paddy,34.0,90.7,1980.56,2,1
Paddy,34.8,78.1,1982.58,0,1
Sugarcane,26.4,75.9,3350.63,0,0
Ragi,22.8,41.2,3410.47,0,0
Ragi,32.8,46.2,3654.1,0,0
Ragi,34.0,61.4,3369.68,0,1
Paddy,22.1,63.6,2264.45,0,0
Sugarcane,29.3,52.2,2728.42,0,0
Ragi,29.8,39.0,3425.83,0,0
Sugarcane,32.4,47.2,2549.7,0,0
Ragi,30.8,42.3,3205.3,0,0
Ragi,25.5,40.6,2817.19,0,0
Paddy,34.7,77.0,2434.27,0,1
Ragi,31.9,50.1,3249.98,0,0
Sugarcane,27.9,68.9,2421.16,0,0
Ragi,31.5,31.7,3792.92,0,0
Paddy,34.4,92.0,2059.11,2,1
Sugarcane,39.3,53.2,2829.15,0,1
Ragi,34.5,64.1,2882.78,0,1
Sugarcane,27.9,50.7,2727.92,0,0
Paddy,29.2,92.8,2287.22,2,0
Paddy,23.3,81.5,2493.04,0,0
Paddy,25.3,70.3,2025.79,0,0
Sugarcane,27.0,68.4,2829.23,0,0
Paddy,32.5,88.4,2406.95,2,0
Sugarcane,26.2,40.2,2941.84,0,0
Sugarcane,26.1,55.9,2076.15,0,0
Ragi,25.1,45.0,2622.18,0,0
Ragi,30.1,43.1,2701.55,0,0
Paddy,25.7,80.7,1821.35,0,0
Paddy,32.7,72.6,1888.94,0,0
Sugarcane,37.4,50.9,3447.88,0,1
Ragi,21.3,32.1,3190.76,0,0
Ragi,30.5,35.5,2672.57,0,0
Paddy,28.7,71.3,2356.63,0,0
Ragi,26.5,59.8,2826.12,0,0
Paddy,34.5,89.3,2287.18,2,1
Sugarcane,25.9,76.6,2663.53,0,0
Paddy,23.2,66.4,2454.23,0,0
Sugarcane,39.3,69.5,2831.53,0,1
Paddy,31.5,61.7,2196.23,0,0
Ragi,31.4,30.6,2650.89,0,0
Sugarcane,26.4,52.5,3469.27,0,0
Sugarcane,32.1,43.9,2737.42,0,0
Ragi,25.2,48.6,3344.71,0,0
Paddy,30.0,82.2,1831.71,0,0
Ragi,20.2,67.3,3151.35,1,0
Sugarcane,35.3,64.6,3415.84,0,1
Paddy,22.3,80.5,2458.16,0,0
Paddy,29.5,64.5,2367.84,0,0
Ragi,34.1,45.4,3749.55,0,1
Paddy,24.7,69.6,1950.21,0,0
Paddy,22.2,63.3,2278.1,0,0
Sugarcane,34.8,55.4,3022.42,0,1
Paddy,32.6,69.9,1882.72,0,0
Sugarcane,30.2,77.5,2058.78,0,0
Sugarcane,37.1,51.3,2266.16,0,1
Sugarcane,33.5,63.0,3097.47,0,1
Paddy,25.3,80.3,2406.98,0,0
Sugarcane,28.6,67.2,3109.86,0,0
Ragi,21.5,66.1,3156.83,1,0
Sugarcane,29.8,75.8,2583.8,0,0
Sugarcane,38.6,43.7,2478.97,0,1
Paddy,30.8,76.9,2145.12,0,0
Sugarcane,26.4,64.1,2830.55,0,0
Sugarcane,36.3,71.7,3184.43,1,1
Sugarcane,39.0,79.0,3493.9,1,1
Paddy,27.7,91.1,2045.64,0,0
Paddy,34.6,84.1,2385.87,0,1
Sugarcane,26.5,43.4,3051.45,0,0
Paddy,27.2,91.2,1902.62,0,0
Sugarcane,26.3,79.5,2561.41,0,0
Sugarcane,38.2,49.5,3361.54,0,1
Sugarcane,36.3,55.1,2125.25,0,1
Sugarcane,30.7,68.2,2373.09,0,0
Ragi,21.7,49.7,2514.76,0,0
Paddy,22.7,64.2,1882.27,0,0
Sugarcane,36.2,67.2,2356.26,0,1
Sugarcane,30.6,51.4,3302.9,0,0
Paddy,27.7,88.1,2484.53,0,0
Sugarcane,25.6,75.6,2791.55,0,0
Ragi,33.8,40.1,3404.03,0,1
Sugarcane,32.8,65.2,3043.62,0,0
Ragi,34.9,57.9,2999.46,0,1
Ragi,20.7,41.2,3735.53,0,0
Paddy,27.9,81.7,1994.17,0,0
Paddy,27.0,68.0,1986.16,0,0
Sugarcane,39.6,79.4,3047.24,1,1
Sugarcane,29.2,56.4,2904.17,0,0
Sugarcane,27.0,43.0,3410.8,0,0
Ragi,30.9,54.5,3043.72,0,0
Paddy,33.3,61.6,1818.46,0,1
Sugarcane,36.7,59.2,3477.93,0,1
Ragi,28.9,45.2,3760.89,0,0
Ragi,28.5,32.5,2547.87,0,0
Ragi,24.1,32.3,3624.14,0,0
Sugarcane,33.0,70.0,3369.75,0,1
Ragi,31.5,67.8,3604.54,1,0
Sugarcane,28.6,48.2,2377.16,0,0
Sugarcane,34.1,49.1,3007.55,0,1
Paddy,26.7,64.0,2270.1,0,0
Paddy,28.2,89.1,2015.44,2,0
Sugarcane,33.3,62.4,3314.98,0,1
Sugarcane,33.8,59.2,2630.8,0,1
Sugarcane,34.3,68.2,2319.45,0,1
Paddy,30.0,94.3,2225.66,2,0
Paddy,27.1,75.3,2432.91,0,0
Sugarcane,32.7,71.3,2594.81,0,0
Ragi,27.9,57.9,3535.41,0,0
Paddy,34.0,77.2,1980.77,0,1
Sugarcane,39.7,59.7,2493.13,0,1
Ragi,28.7,43.7,3198.44,0,0
Ragi,21.9,36.1,2680.48,0,0
Sugarcane,38.5,59.0,3001.34,0,1
Paddy,29.8,67.8,2375.25,0,0
Paddy,25.6,66.2,1862.09,0,0
Sugarcane,33.0,54.2,3341.33,0,1
Sugarcane,32.6,67.6,2058.97,0,0
Sugarcane,32.2,67.5,2767.49,0,0
Ragi,33.8,32.4,2859.94,0,1
Sugarcane,26.3,63.9,3479.39,0,0
Ragi,25.6,49.4,3303.73,0,0
Ragi,28.0,58.8,2581.04,0,0
Ragi,23.8,58.5,3663.77,0,0
Paddy,31.7,61.1,2407.05,0,0
Paddy,28.9,68.5,1988.47,0,0
Sugarcane,27.7,62.6,3261.06,0,0
Paddy,26.3,64.2,2423.37,0,0
Sugarcane,35.2,71.6,2747.66,1,1
Ragi,28.8,59.5,3225.06,0,0
Sugarcane,33.5,55.2,2506.17,0,1
Paddy,29.9,68.6,2148.77,0,0
Paddy,29.9,68.3,1871.25,0,0
Paddy,26.7,77.1,2395.57,0,0
Paddy,25.7,66.1,2427.74,0,0
Ragi,20.8,30.7,3406.05,0,0
Ragi,33.4,53.0,3692.61,0,1
Ragi,32.3,40.3,2722.15,0,0
Ragi,32.3,58.7,3195.55,0,0
Paddy,25.6,86.9,1930.93,0,0
Paddy,31.2,67.0,2315.37,0,0
Ragi,30.6,60.7,2613.48,0,0
Paddy,24.0,76.8,2172.81,0,0
Sugarcane,30.5,58.2,2822.9,0,0
Paddy,34.9,71.3,2366.91,0,1
Sugarcane,27.1,40.1,2175.04,0,0
Ragi,27.1,46.5,2953.53,0,0
Sugarcane,37.8,69.8,2612.78,0,1
Sugarcane,36.0,77.5,2271.85,1,1
Ragi,33.9,58.9,2562.52,0,1
Sugarcane,27.1,71.8,2302.44,0,0
Paddy,32.7,66.5,1964.98,0,0
Paddy,28.8,72.6,2414.04,0,0
Sugarcane,35.2,58.1,3070.67,0,1
Ragi,29.4,51.6,3070.37,0,0
Sugarcane,28.5,76.0,2575.84,0,0
Paddy,22.9,68.0,2179.99,0,0
Paddy,34.2,82.0,2034.43,0,1
Ragi,33.2,49.8,3463.9,0,1
Ragi,31.8,36.1,2905.24,0,0
Sugarcane,36.7,45.7,2306.82,0,1
Paddy,31.9,90.7,2039.46,2,0
Paddy,29.0,73.3,2119.9,0,0
Ragi,32.0,36.0,2798.03,0,0
Sugarcane,35.8,65.6,3040.92,0,1
Paddy,25.3,72.1,1927.12,0,0
Paddy,26.5,68.0,2096.52,0,0
Paddy,34.3,65.4,2210.36,0,1
Paddy,23.3,69.0,2308.27,0,0
Ragi,34.0,52.6,3405.65,0,1
Sugarcane,35.6,46.1,2864.43,0,1
Paddy,22.9,62.7,1872.97,0,0
Sugarcane,38.9,58.0,2169.86,0,1
Sugarcane,27.5,47.5,3256.24,0,0
Sugarcane,38.0,60.8,2886.91,0,1
Sugarcane,30.7,69.8,2308.37,0,0
Sugarcane,25.1,53.3,2597.25,0,0
Sugarcane,38.0,76.9,2698.55,1,1
Ragi,31.1,48.1,2791.99,0,0
Ragi,22.1,37.1,3147.88,0,0
Paddy,22.4,70.9,2346.35,0,0
Ragi,29.5,30.5,3362.6,0,0
Ragi,34.6,48.4,3224.5,0,1
Paddy,23.1,94.9,2151.54,0,0
Sugarcane,29.6,55.9,2640.18,0,0
Ragi,25.2,48.7,3312.47,0,0
Sugarcane,32.1,62.6,2098.56,0,0
Paddy,31.3,78.5,2174.12,0,0
Sugarcane,31.0,62.4,2232.86,0,0
Sugarcane,30.0,43.0,3129.87,0,0
Paddy,25.5,82.5,2086.11,0,0
Ragi,34.7,63.6,3627.09,0,1
Sugarcane,33.3,50.2,2294.17,0,1
Ragi,20.3,34.2,3539.89,0,0
Ragi,33.3,52.3,3437.06,0,1
Ragi,23.6,58.9,3612.41,0,0
Ragi,34.4,67.8,2683.41,1,1
Paddy,25.8,91.4,1809.1,0,0
Ragi,31.0,63.9,2659.61,0,0
Ragi,28.7,46.9,3660.47,0,0
Ragi,29.4,43.4,3572.64,0,0
Ragi,28.9,40.7,3311.39,0,0
Paddy,32.1,72.7,2402.75,0,0
Ragi,34.2,60.5,2682.15,0,1
Paddy,29.4,94.5,2129.75,2,0
Sugarcane,32.3,60.5,3112.53,0,0
Paddy,30.2,69.0,1897.55,0,0
Ragi,26.3,35.3,3670.74,0,0
Paddy,25.5,60.6,2440.01,0,0
Sugarcane,37.2,59.9,2100.76,0,1
Sugarcane,34.8,73.2,2309.63,0,1
Paddy,23.8,69.2,1986.55,0,0
Ragi,29.0,54.0,3364.55,0,0
Ragi,28.6,63.5,3025.7,0,0
Paddy,28.7,61.6,1916.4,0,0
Ragi,22.8,33.6,3502.28,0,0
Sugarcane,30.8,51.5,2533.51,0,0
Sugarcane,35.8,64.4,3423.96,0,1
Ragi,30.0,67.5,3452.34,1,0
Sugarcane,29.0,61.6,2243.02,0,0
Ragi,32.7,68.2,2701.07,1,0
Sugarcane,36.6,44.3,2112.71,0,1
Sugarcane,31.2,68.2,2897.43,0,0
Sugarcane,28.7,72.8,3199.12,0,0
Ragi,24.1,53.6,2969.27,0,0
Ragi,33.8,35.5,3735.31,0,1
Ragi,27.8,33.5,3745.62,0,0
Ragi,31.0,62.3,3356.42,0,0
Paddy,30.3,94.3,2432.35,2,0
Ragi,30.4,32.1,3370.89,0,0
Paddy,29.6,95.0,2189.06,2,0
Paddy,33.9,61.2,2288.19,0,1
Sugarcane,27.9,44.6,2632.64,0,0
Sugarcane,32.1,74.5,3266.82,0,0
Paddy,28.8,82.6,2255.12,0,0
Ragi,28.4,49.2,3650.5,0,0
Ragi,25.1,59.0,2584.96,0,0
Ragi,32.1,51.5,3360.15,0,0
Sugarcane,34.4,75.4,2923.79,0,1
Paddy,27.4,76.2,2493.24,0,0
Ragi,33.1,51.2,3720.79,0,1
Ragi,21.1,30.4,2568.49,0,0
Sugarcane,31.0,59.2,2941.26,0,0
Ragi,26.0,33.7,2937.28,0,0
Sugarcane,36.0,40.1,2700.97,0,1
Paddy,33.1,85.0,2212.38,2,1
Sugarcane,38.7,41.8,2164.2,0,1
Sugarcane,35.2,48.7,3424.94,0,1
Sugarcane,28.9,63.5,3473.5,0,0
Ragi,34.2,48.7,3297.43,0,1
Sugarcane,36.2,42.6,2602.37,0,1
Sugarcane,34.7,64.3,2769.03,0,1
Paddy,22.6,73.4,1825.71,0,0
Paddy,32.1,72.3,1840.49,0,0
Ragi,23.2,50.7,3276.46,0,0
Sugarcane,27.6,55.8,3137.36,0,0
Paddy,35.0,91.4,2124.37,2,1
Sugarcane,28.4,61.5,2889.41,0,0
Paddy,33.2,76.0,2073.82,0,1
Ragi,21.9,65.5,3742.35,1,0
Paddy,32.5,82.9,2185.6,0,0
Ragi,24.2,40.1,2506.61,0,0
Ragi,30.9,49.8,2605.36,0,0
Sugarcane,38.4,79.7,2092.28,1,1
Sugarcane,32.2,63.7,3237.02,0,0
Paddy,29.1,90.3,2313.74,2,0
Ragi,33.0,39.8,2704.54,0,1
Sugarcane,30.0,49.5,3395.14,0,0
Ragi,30.5,37.6,3646.13,0,0
Sugarcane,38.1,41.2,3238.73,0,1
Paddy,32.7,68.0,2436.09,0,0
Paddy,32.6,89.1,2155.23,2,0
Ragi,22.9,33.4,2924.36,0,0
Sugarcane,34.5,50.4,2951.01,0,1
Sugarcane,36.7,44.3,3141.54,0,1
Paddy,27.6,89.4,2074.51,0,0
Ragi,34.0,34.1,3718.4,0,1
Paddy,34.3,65.8,2339.69,0,1
Sugarcane,33.7,53.8,2931.37,0,1
Ragi,32.8,69.6,3378.87,1,0
Ragi,22.0,60.3,2531.96,0,0
Ragi,32.3,44.9,3564.42,0,0
Ragi,30.2,47.8,2855.71,0,0
Sugarcane,39.2,44.1,3281.31,0,1
Ragi,31.9,57.7,2787.0,0,0
Paddy,32.0,68.1,1891.93,0,0
Ragi,34.3,36.0,3062.04,0,1
Sugarcane,38.6,74.3,3446.78,1,1
Ragi,24.1,69.4,3032.13,1,0
Paddy,25.0,67.5,1821.79,0,0
Sugarcane,35.7,62.5,2707.3,0,1
Ragi,34.5,37.4,3629.21,0,1
Sugarcane,27.3,58.1,2795.53,0,0
Ragi,29.4,35.2,2542.28,0,0
Paddy,30.0,87.9,2137.07,2,0
Paddy,29.8,81.3,1973.28,0,0
Sugarcane,28.0,59.7,2096.31,0,0
Paddy,26.2,80.7,2103.27,0,0
Sugarcane,27.2,58.6,3020.68,0,0
Paddy,28.2,81.0,2004.16,0,0
Sugarcane,36.4,78.1,3361.73,1,1
Ragi,27.2,34.2,2814.66,0,0
Sugarcane,33.6,40.7,2723.53,0,1
Sugarcane,33.4,40.4,2489.69,0,1
Paddy,28.9,90.9,1857.76,2,0
Sugarcane,26.2,55.9,2199.07,0,0
Ragi,23.0,57.7,3567.87,0,0
Paddy,24.2,63.7,2245.5,0,0
Ragi,33.4,53.8,3301.59,0,1
Ragi,28.1,58.4,3632.26,0,0
Paddy,30.1,87.4,2228.58,2,0
Ragi,21.2,65.8,3211.87,1,0
Paddy,32.2,76.8,1828.53,0,0
Paddy,27.7,85.4,2215.3,0,0
Sugarcane,32.2,64.6,2493.53,0,0
Paddy,26.4,66.4,2352.79,0,0
Ragi,20.7,36.5,2527.12,0,0
Ragi,23.4,69.9,3767.23,1,0
Ragi,21.2,46.1,2786.73,0,0
Paddy,22.4,69.0,2123.84,0,0
Paddy,34.5,74.6,2392.37,0,1
Sugarcane,30.2,54.8,3481.47,0,0
Paddy,33.3,80.3,2107.03,0,1
Sugarcane,30.9,64.2,2896.59,0,0
Paddy,30.5,94.7,1998.7,2,0
Sugarcane,28.2,64.9,2947.34,0,0
Ragi,23.5,61.0,3026.9,0,0
Paddy,24.3,68.3,2479.98,0,0
Ragi,26.2,32.8,3068.32,0,0
Paddy,33.3,75.6,2160.37,0,1
Sugarcane,34.9,43.8,2978.18,0,1
Sugarcane,39.5,50.3,2985.1,0,1
Ragi,28.8,53.9,3015.66,0,0
Ragi,26.8,39.4,2595.55,0,0
Paddy,26.3,75.7,2268.57,0,0
Sugarcane,31.5,49.9,2925.72,0,0
Sugarcane,28.8,54.4,2569.04,0,0
Ragi,31.0,56.6,3117.02,0,0
Sugarcane,35.6,57.9,3296.32,0,1
Paddy,24.7,63.9,1988.82,0,0
Paddy,23.6,68.1,1836.19,0,0
Sugarcane,26.8,58.1,3400.81,0,0
Sugarcane,26.5,63.4,3032.31,0,0
Sugarcane,32.2,67.4,2026.07,0,0
Sugarcane,34.6,74.7,2682.11,0,1
Ragi,27.8,43.7,3191.92,0,0
Ragi,20.4,42.3,3416.08,0,0
Paddy,31.5,65.7,1931.84,0,0
Ragi,30.1,47.8,3628.58,0,0
Paddy,25.3,83.2,2485.04,0,0
Ragi,30.2,49.9,3303.2,0,0
Ragi,28.6,31.2,3710.23,0,0
Paddy,33.9,81.0,2458.61,0,1
Paddy,27.1,82.8,1874.62,0,0
Paddy,35.0,61.7,2484.02,0,1
Sugarcane,39.9,70.1,2135.72,1,1
Ragi,31.1,65.1,3025.38,1,0
Paddy,34.0,75.3,2430.96,0,1
Sugarcane,37.0,57.4,3226.75,0,1
Paddy,29.1,60.2,2027.21,0,0
Paddy,27.2,84.3,2071.99,0,0
Sugarcane,33.9,61.8,2666.63,0,1
Paddy,23.0,81.1,2267.75,0,0
Paddy,31.9,77.5,2179.65,0,0
Paddy,28.2,60.9,2038.87,0,0
Sugarcane,31.0,63.2,2800.4,0,0
Ragi,25.9,52.0,3470.94,0,0
Ragi,27.8,62.9,3060.12,0,0
Ragi,21.1,68.2,3351.1,1,0
Ragi,20.9,67.4,2957.11,1,0
Paddy,24.2,81.6,2166.16,0,0
Paddy,26.0,88.1,2177.41,0,0
Paddy,29.9,85.1,1990.84,2,0
Paddy,23.6,66.3,2276.78,0,0
Paddy,32.4,66.5,2006.69,0,0
Sugarcane,33.5,50.3,3444.39,0,1
Paddy,32.5,79.3,1830.39,0,0
Paddy,23.5,60.1,2246.59,0,0
Sugarcane,38.3,49.1,2318.07,0,1
Paddy,24.3,72.6,2434.12,0,0
Sugarcane,28.6,71.2,2412.21,0,0
Ragi,32.8,56.9,3552.39,0,0
Ragi,29.4,48.1,3262.59,0,0
Ragi,23.5,64.8,3114.76,0,0
Sugarcane,26.4,40.9,2962.96,0,0
Ragi,28.2,39.3,3008.18,0,0
Sugarcane,25.9,45.7,2411.81,0,0
Ragi,30.4,46.2,3056.66,0,0
Ragi,30.9,30.6,2943.42,0,0
Paddy,23.4,85.4,2204.87,0,0
Ragi,31.6,40.6,3338.88,0,0
Ragi,26.0,44.7,2946.63,0,0
Ragi,21.0,50.8,2587.9,0,0
Sugarcane,26.0,65.6,2406.72,0,0
Paddy,30.8,68.1,2119.8,0,0
Paddy,30.7,94.8,2263.29,2,0
Sugarcane,39.9,57.9,2500.35,0,1
Paddy,29.3,93.5,1922.71,2,0
Ragi,31.3,36.8,3032.32,0,0
Paddy,27.9,86.5,2043.3,0,0
Ragi,33.9,39.4,3019.11,0,1
Paddy,34.9,92.4,2177.97,2,1
Sugarcane,35.1,43.7,2385.57,0,1
Ragi,33.0,54.3,3158.89,0,0
Paddy,22.8,64.1,1959.15,0,0
Sugarcane,30.4,43.5,3405.44,0,0
Sugarcane,32.6,73.0,2419.56,0,0
Paddy,29.8,78.0,2443.57,0,0
Ragi,28.6,52.7,3008.36,0,0
Ragi,26.0,51.6,3316.34,0,0
Paddy,33.4,90.4,2364.15,2,1
Ragi,24.6,33.2,3023.87,0,0
Paddy,24.0,67.8,2470.13,0,0
Paddy,30.3,88.8,1892.77,2,0
Paddy,26.1,81.2,1897.44,0,0
Paddy,32.8,71.1,2466.96,0,0
Paddy,23.9,72.9,1847.72,0,0
Paddy,28.6,68.1,1855.98,0,0
Sugarcane,39.0,75.0,2416.63,1,1
Ragi,29.6,38.6,3305.46,0,0
Ragi,22.3,32.5,3514.99,0,0
Paddy,24.8,77.0,2327.98,0,0
Ragi,30.4,69.3,2810.93,1,0
Ragi,21.1,61.3,2845.0,0,0
Ragi,30.4,32.5,3162.25,0,0
Ragi,23.4,39.3,2787.04,0,0
Sugarcane,34.4,61.1,2639.13,0,1
Ragi,31.9,46.2,3350.3,0,0
Ragi,25.5,46.6,3575.8,0,0
Sugarcane,30.8,78.6,2372.87,0,0
Paddy,28.3,60.7,1981.87,0,0
Paddy,30.9,66.6,2233.26,0,0
Sugarcane,25.2,49.6,3463.81,0,0
Paddy,22.8,61.5,2059.99,0,0
Sugarcane,33.2,58.2,3266.54,0,1
Ragi,22.2,35.1,3624.06,0,0
Paddy,28.2,73.2,2076.13,0,0
Paddy,27.1,93.5,1893.2,0,0
Sugarcane,34.9,77.7,3213.33,0,1
Sugarcane,29.2,77.2,2379.59,0,0
Sugarcane,37.4,59.8,2579.52,0,1
Paddy,30.3,81.5,1846.66,0,0
Sugarcane,27.3,69.5,2768.33,0,0
Sugarcane,25.7,41.5,3119.31,0,0
Sugarcane,26.1,42.9,2018.16,0,0
Sugarcane,32.6,55.5,2692.92,0,0
Ragi,34.6,67.7,3519.0,1,1
Ragi,22.6,33.9,3358.39,0,0
Paddy,22.3,62.9,2477.5,0,0
Ragi,31.7,39.1,3768.79,0,0
Ragi,23.1,34.9,3299.52,0,0
Paddy,22.9,93.6,2134.78,0,0
Ragi,34.5,61.9,2880.67,0,1
Paddy,29.8,80.4,2323.65,0,0
Paddy,23.7,71.8,2449.66,0,0
Ragi,21.4,45.0,3215.12,0,0
Paddy,30.0,93.0,1968.48,2,0
Sugarcane,35.1,59.8,2019.07,0,1
Sugarcane,29.3,72.6,3292.05,0,0
Sugarcane,28.9,61.8,2954.11,0,0
Paddy,28.0,89.5,2309.94,0,0
Ragi,22.7,32.2,2916.08,0,0
Paddy,34.8,92.8,1830.22,2,1
Paddy,23.4,84.0,1864.31,0,0
Paddy,24.8,77.7,2388.49,0,0
Sugarcane,31.2,70.3,3115.14,0,0
Ragi,24.5,52.6,3395.55,0,0
Ragi,28.7,65.1,3063.94,1,0
Paddy,29.3,88.4,2319.2,2,0
Ragi,34.9,34.0,3021.94,0,1
Paddy,30.5,70.9,2319.64,0,0
Paddy,30.0,66.6,2048.77,0,0
Sugarcane,33.1,61.0,3272.07,0,1
Paddy,22.5,86.1,1941.74,0,0
Paddy,31.9,83.7,2329.39,0,0
Ragi,24.6,65.1,3795.23,1,0
Ragi,26.7,58.9,3652.05,0,0
Ragi,22.1,56.5,2502.44,0,0
Ragi,20.0,54.8,2962.14,0,0
Sugarcane,30.8,56.1,3311.39,0,0
Sugarcane,34.6,42.6,2869.98,0,1
Ragi,30.5,32.1,3132.58,0,0
Paddy,32.5,69.4,2377.53,0,0
Sugarcane,34.5,46.0,3043.12,0,1
Paddy,34.8,67.3,2377.59,0,1
Ragi,26.6,35.9,2926.65,0,0
Ragi,23.5,44.9,2581.3,0,0
Ragi,31.5,59.3,2889.28,0,0
Sugarcane,31.3,65.4,3178.48,0,0
Ragi,30.3,69.6,3471.39,1,0
Ragi,28.6,53.5,2739.82,0,0
Sugarcane,39.7,46.6,3050.38,0,1
Paddy,32.8,69.6,2162.66,0,0
Sugarcane,36.7,42.2,3279.09,0,1
Paddy,33.3,89.5,1930.27,2,1
Sugarcane,31.5,77.5,3059.03,0,0
Paddy,23.0,85.5,2147.52,0,0
Sugarcane,36.7,40.3,2085.92,0,1
Paddy,29.9,64.7,2325.96,0,0
Sugarcane,39.3,42.8,2085.58,0,1
Paddy,22.5,69.7,1992.93,0,0
Paddy,25.2,69.5,2331.58,0,0
Paddy,33.0,69.4,1909.47,0,0
Ragi,20.9,66.3,2681.02,1,0
Paddy,27.3,72.2,2429.88,0,0
Paddy,31.5,79.2,1889.59,0,0
Ragi,25.9,63.1,3524.03,0,0
Paddy,31.5,94.3,1979.57,2,0
Ragi,30.9,37.6,2939.74,0,0
Ragi,34.6,54.3,2954.36,0,1
Sugarcane,25.3,68.8,2626.98,0,0
Sugarcane,37.8,62.4,2785.09,0,1
Sugarcane,28.4,56.2,2813.82,0,0
Ragi,30.6,51.7,2606.24,0,0
Paddy,33.0,75.0,1898.67,0,1
Paddy,33.0,83.4,2123.61,0,1
Ragi,29.8,51.8,2580.96,0,0
Paddy,32.5,76.1,1836.37,0,0
Ragi,27.5,43.6,3633.78,0,0
Paddy,26.3,86.5,2163.57,0,0
Sugarcane,34.9,46.5,2383.24,0,1
Sugarcane,31.8,79.4,3158.02,0,0
Ragi,28.3,33.8,2946.76,0,0
Sugarcane,30.9,71.9,2557.9,0,0
Ragi,32.3,45.2,3508.3,0,0
Ragi,22.9,37.5,2622.25,0,0
Sugarcane,33.7,65.4,3196.87,0,1
Ragi,22.9,65.9,3176.25,1,0
Paddy,32.3,71.1,2400.03,0,0
Ragi,33.5,36.8,3159.17,0,1
Sugarcane,25.5,54.5,3098.95,0,0
Ragi,24.7,61.9,3758.08,0,0
Ragi,33.2,62.1,3156.77,0,1
Sugarcane,31.3,79.4,3001.88,0,0
Sugarcane,29.8,79.9,3469.67,0,0
Ragi,22.4,30.5,3227.68,0,0
Sugarcane,25.4,72.9,2314.63,0,0
Paddy,31.5,66.6,2400.72,0,0
Paddy,29.0,84.9,2020.05,0,0
Ragi,33.5,56.1,2908.28,0,1
Paddy,32.7,90.8,2167.8,2,0
Sugarcane,26.7,43.5,3078.62,0,0
Ragi,22.1,43.9,3085.46,0,0
Paddy,30.0,75.2,2204.07,0,0
Sugarcane,37.6,58.9,3468.66,0,1
Ragi,20.5,59.6,2638.25,0,0
Ragi,30.3,32.8,2727.35,0,0
Sugarcane,34.8,79.7,2109.01,0,1
Ragi,25.1,64.7,2780.19,0,0
Ragi,23.2,31.3,2895.13,0,0
Paddy,31.9,91.6,1962.93,2,0
Sugarcane,36.8,66.6,2390.43,0,1
Sugarcane,38.1,40.0,2253.62,0,1
Paddy,27.8,76.1,2405.19,0,0
Paddy,26.9,94.2,1877.5,0,0
Sugarcane,25.6,69.6,3377.11,0,0
Ragi,21.9,58.3,3764.61,0,0
Ragi,31.3,62.2,2523.41,0,0
Ragi,29.3,52.4,3316.71,0,0
Sugarcane,29.2,74.9,2168.87,0,0
Paddy,23.6,62.4,1984.32,0,0
Sugarcane,25.2,58.8,2451.9,0,0
Ragi,21.1,39.1,3449.32,0,0
Sugarcane,25.7,76.1,3278.4,0,0
Sugarcane,30.0,53.6,3483.54,0,0
Ragi,21.2,39.6,3532.95,0,0
Paddy,27.6,69.4,2352.41,0,0
Sugarcane,32.8,42.5,3247.06,0,0
Ragi,27.3,59.5,3182.81,0,0
Sugarcane,35.0,73.2,3318.47,1,1
Sugarcane,25.4,67.8,2123.31,0,0
Paddy,27.6,87.1,2221.35,0,0
Paddy,24.1,66.0,2463.68,0,0
Paddy,29.7,84.6,1966.2,0,0
Ragi,22.0,39.4,3522.78,0,0
Ragi,29.8,68.0,3280.85,1,0
Ragi,34.8,40.8,3029.06,0,1
Paddy,25.3,72.7,2130.75,0,0
Paddy,33.8,68.4,2128.75,0,1
Sugarcane,30.0,59.3,2294.15,0,0
Ragi,26.7,49.0,3268.13,0,0
Sugarcane,25.1,40.3,2328.6,0,0
Ragi,32.7,41.4,3101.71,0,0
Sugarcane,33.6,60.5,2440.23,0,1
Paddy,25.6,88.6,1999.19,0,0
Sugarcane,26.7,53.8,2761.12,0,0
Sugarcane,25.4,67.0,2067.28,0,0
Ragi,22.0,41.0,3012.95,0,0
Ragi,26.2,66.3,3428.24,1,0
Sugarcane,29.6,73.0,3432.59,0,0
Paddy,31.4,90.2,1801.47,2,0
Paddy,25.3,62.1,2222.66,0,0
Paddy,25.3,83.3,2360.25,0,0
Paddy,23.2,80.9,2184.71,0,0
Sugarcane,26.1,43.2,2532.16,0,0
Ragi,26.2,55.8,3340.39,0,0
Ragi,28.9,30.4,3326.92,0,0
Paddy,23.5,65.4,1920.29,0,0
Paddy,23.6,91.6,1846.51,0,0
Paddy,23.8,60.4,2095.42,0,0
Ragi,26.7,33.4,3019.18,0,0
Sugarcane,26.8,62.3,2514.75,0,0
Ragi,32.3,32.7,3003.61,0,0
Ragi,26.4,56.9,2858.0,0,0
Sugarcane,37.9,63.6,2339.42,0,1
Ragi,26.8,53.2,3487.16,0,0
Ragi,24.8,53.3,2982.52,0,0
Sugarcane,25.4,55.7,2788.72,0,0
Paddy,24.2,75.1,1899.82,0,0
Sugarcane,30.2,46.2,2038.17,0,0
Paddy,30.3,71.9,1850.2,0,0
Paddy,29.7,63.5,2393.0,0,0
Paddy,32.9,80.3,2191.78,0,0
Ragi,30.3,35.6,3131.27,0,0
Ragi,28.0,35.4,2629.09,0,0
Paddy,22.4,73.6,1912.02,0,0
Paddy,26.1,65.1,2141.5,0,0
Paddy,33.7,64.1,2469.14,0,1
Sugarcane,32.1,57.8,3492.29,0,0
Sugarcane,39.8,51.5,3441.7,0,1
Sugarcane,30.8,53.6,2812.11,0,0
Sugarcane,32.2,61.3,2252.51,0,0
Sugarcane,37.5,57.6,2453.5,0,1
Sugarcane,27.9,42.3,2513.67,0,0
Sugarcane,39.5,62.3,2520.92,0,1
Ragi,22.1,47.8,3314.1,0,0
Ragi,23.1,61.3,3454.95,0,0
Paddy,30.1,79.9,2234.46,0,0
Sugarcane,36.0,45.9,3278.84,0,1
Sugarcane,33.1,49.1,3446.04,0,1
Sugarcane,34.0,54.1,2687.7,0,1
Paddy,23.7,87.7,1887.37,0,0
Sugarcane,35.2,58.7,2051.69,0,1
Paddy,23.9,76.2,2486.69,0,0
Paddy,29.7,73.1,2000.05,0,0
Sugarcane,33.4,57.6,2908.63,0,1
Sugarcane,30.4,69.0,3341.68,0,0
Ragi,26.1,63.1,3493.89,0,0
Ragi,34.3,38.0,2642.04,0,1
Sugarcane,31.6,73.9,3339.64,0,0
Ragi,24.7,40.2,2540.03,0,0
Ragi,29.4,67.1,2524.85,1,0
Paddy,30.9,85.3,2284.77,2,0
Paddy,30.2,82.6,2373.86,0,0
Sugarcane,29.2,48.4,3436.17,0,0
Ragi,34.9,38.0,3793.04,0,1
Ragi,20.0,31.8,2944.32,0,0
Sugarcane,36.1,45.7,3130.14,0,1
Sugarcane,37.3,72.4,3326.64,1,1
Ragi,29.2,33.5,3133.92,0,0
Paddy,25.6,84.1,1817.15,0,0
Ragi,25.2,34.4,3550.71,0,0
Sugarcane,35.5,40.2,2151.41,0,1
Paddy,25.9,62.7,2150.44,0,0
Paddy,25.1,76.7,1901.64,0,0
Paddy,27.2,70.3,1962.67,0,0
Ragi,26.0,41.7,2698.03,0,0
Ragi,33.6,42.9,3119.37,0,1
Sugarcane,33.2,48.8,2050.5,0,1
Ragi,25.4,55.9,2659.8,0,0
Sugarcane,35.8,74.7,2680.92,1,1
Paddy,22.9,83.9,1969.35,0,0
Paddy,32.7,88.1,2186.75,2,0
Ragi,21.8,66.7,3436.85,1,0
Ragi,22.4,65.3,3570.91,1,0
Ragi,20.8,59.9,2912.86,0,0
Ragi,22.8,61.3,3429.55,0,0
Paddy,31.2,62.2,2387.54,0,0
Sugarcane,30.1,77.6,2124.07,0,0
Ragi,32.4,35.2,3234.48,0,0
Paddy,26.1,87.6,2424.31,0,0
Sugarcane,31.3,55.1,3404.48,0,0
Ragi,21.3,57.5,3141.96,0,0
Sugarcane,39.0,73.8,3013.77,1,1
Ragi,22.5,58.5,3366.3,0,0
Sugarcane,29.2,45.2,3014.16,0,0
Sugarcane,29.5,44.2,3172.74,0,0
Sugarcane,25.7,54.4,3435.2,0,0
Sugarcane,32.1,44.4,2951.64,0,0
Ragi,25.5,32.1,3497.84,0,0
Paddy,29.2,74.6,2303.76,0,0
Sugarcane,34.9,58.9,3320.24,0,1
Sugarcane,36.9,70.2,2053.91,1,1
Sugarcane,27.0,66.1,3107.9,0,0
Paddy,30.4,73.8,2299.24,0,0
Paddy,29.5,63.0,1830.1,0,0
Sugarcane,25.9,44.5,2773.79,0,0
Ragi,32.5,30.6,2992.82,0,0
Paddy,22.3,64.4,2089.55,0,0
Sugarcane,36.0,53.2,3359.1,0,1
Sugarcane,32.0,78.5,2778.55,0,0
Paddy,31.9,75.9,1987.08,0,0
Sugarcane,32.8,79.0,2188.33,0,0
Sugarcane,26.1,55.3,2551.6,0,0
Sugarcane,29.0,40.7,2439.96,0,0
Sugarcane,36.1,48.9,2962.79,0,1
Ragi,29.9,51.9,3643.03,0,0
Ragi,20.4,65.9,3518.16,1,0
Sugarcane,29.4,48.3,2228.49,0,0
Ragi,30.7,67.5,3284.28,1,0
Sugarcane,36.2,59.0,2086.77,0,1
Paddy,34.9,68.4,2171.52,0,1
Paddy,30.4,79.6,2343.85,0,0
Sugarcane,28.4,47.8,2211.2,0,0
Paddy,33.0,71.0,1993.37,0,1
Sugarcane,37.2,65.4,2582.25,0,1
Ragi,23.9,43.8,3692.73,0,0
Paddy,28.1,91.2,2295.4,2,0
Paddy,31.0,92.6,2148.12,2,0
Sugarcane,31.7,45.4,3436.9,0,0
Ragi,31.4,44.2,3733.79,0,0
Paddy,23.0,69.6,2364.88,0,0
Paddy,29.1,66.3,2121.02,0,0
Ragi,22.5,47.8,2771.94,0,0
Ragi,30.1,35.5,3793.48,0,0
Paddy,33.1,68.5,2472.44,0,1
Ragi,27.5,46.3,3738.93,0,0
Paddy,29.4,69.1,2105.9,0,0
Ragi,22.6,38.6,2516.94,0,0
Paddy,24.5,87.7,2435.53,0,0
Paddy,31.1,73.8,2467.03,0,0
Paddy,31.8,65.7,2133.83,0,0
Ragi,23.5,48.3,3515.75,0,0
Paddy,32.0,77.5,1808.47,0,0
Paddy,32.2,73.2,2186.39,0,0
Ragi,29.5,38.9,2918.17,0,0
Paddy,28.7,88.3,1977.67,2,0
Ragi,20.4,49.2,3361.16,0,0
Paddy,33.7,65.4,2493.06,0,1
Paddy,34.9,61.6,2332.71,0,1
Sugarcane,34.5,43.6,2048.93,0,1
Ragi,34.3,53.1,2964.26,0,1
Paddy,34.9,73.5,2201.69,0,1
Paddy,30.5,68.4,1934.12,0,0
Sugarcane,39.6,41.1,3259.72,0,1
Sugarcane,25.6,41.4,2262.83,0,0
Paddy,30.8,67.9,2101.97,0,0
Ragi,28.4,47.1,2924.24,0,0
Ragi,24.2,44.1,3662.32,0,0
Ragi,32.7,46.0,3492.04,0,0
Ragi,27.1,49.9,2766.08,0,0
Sugarcane,28.8,51.8,2890.7,0,0
Paddy,24.7,62.5,1848.31,0,0
Ragi,33.2,48.4,2623.57,0,1
Ragi,32.5,43.3,3401.7,0,0
Paddy,32.7,78.0,2124.31,0,0
Sugarcane,29.2,57.0,2056.36,0,0
Paddy,29.1,78.6,2213.3,0,0
Paddy,26.7,85.3,1940.39,0,0
Ragi,24.6,42.2,2799.54,0,0
Ragi,20.8,37.6,2903.11,0,0
Ragi,29.9,59.7,3602.95,0,0
Ragi,29.1,65.8,3563.43,1,0
Ragi,24.1,35.0,2938.05,0,0
Ragi,32.1,69.4,3480.52,1,0
Sugarcane,33.1,46.0,2571.03,0,1
Ragi,28.2,58.4,2717.52,0,0
Ragi,27.8,40.8,3316.96,0,0
Paddy,25.4,81.1,2007.59,0,0
Sugarcane,26.9,62.4,3171.1,0,0
Ragi,27.6,44.8,3712.8,0,0
Paddy,31.1,85.0,2123.2,2,0
Sugarcane,26.8,45.0,3275.71,0,0
Sugarcane,29.1,72.3,2292.86,0,0
Sugarcane,28.2,66.6,2235.99,0,0
Sugarcane,35.5,69.1,2843.11,0,1
Ragi,28.2,42.5,3127.25,0,0
Paddy,22.2,87.4,1887.07,0,0
Paddy,31.1,94.0,2106.36,2,0
Ragi,27.5,58.2,3194.58,0,0
Ragi,26.4,42.4,3126.94,0,0
Sugarcane,39.4,68.6,3428.7,0,1
Ragi,33.2,62.4,3380.3,0,1
Ragi,24.7,62.7,3151.97,0,0
Ragi,24.7,67.4,3605.88,1,0
Ragi,33.6,30.5,3376.23,0,1
Sugarcane,33.2,51.5,2460.16,0,1
Ragi,26.2,67.4,3059.7,1,0
Paddy,29.9,68.6,2049.1,0,0
Paddy,27.6,84.0,2032.72,0,0
Paddy,24.7,73.4,2487.43,0,0
Paddy,31.5,64.1,2346.7,0,0
Paddy,29.8,94.7,2027.68,2,0
Ragi,26.5,69.2,2587.75,1,0
Sugarcane,39.7,44.1,2821.68,0,1
Paddy,29.2,66.6,2207.53,0,0
Sugarcane,30.2,55.9,2396.41,0,0
Paddy,28.7,85.9,2241.49,2,0
Paddy,31.0,65.0,2216.75,0,0
Ragi,21.1,68.1,2886.48,1,0
Paddy,31.0,76.0,1864.47,0,0
Paddy,25.5,60.5,2475.51,0,0
Ragi,28.5,48.0,3373.67,0,0
Paddy,26.1,69.5,2218.37,0,0
Sugarcane,27.6,44.7,2673.63,0,0
Sugarcane,39.2,69.5,3324.49,0,1
Ragi,31.6,55.0,2985.62,0,0
Sugarcane,31.1,40.6,2874.39,0,0
Sugarcane,33.1,77.6,2330.73,0,1
Sugarcane,37.6,47.5,3008.69,0,1
Paddy,23.3,60.3,2103.51,0,0
Ragi,33.4,33.4,3549.35,0,1
Ragi,23.9,47.4,3440.48,0,0
Paddy,35.0,68.0,2182.81,0,1
Sugarcane,28.6,68.6,2137.09,0,0
Sugarcane,37.3,42.0,3367.28,0,1
Ragi,25.3,30.6,2600.29,0,0
Paddy,22.8,76.1,2312.91,0,0
Paddy,29.8,80.8,2060.54,0,0
Ragi,32.6,62.2,3569.88,0,0
Ragi,24.2,61.5,3016.68,0,0
Paddy,31.7,85.8,2165.01,2,0
Ragi,31.6,47.1,2768.08,0,0
Ragi,28.1,40.8,2978.98,0,0
Paddy,33.2,61.2,2351.16,0,1
Paddy,30.2,68.7,2293.82,0,0
Paddy,28.5,78.7,1901.07,0,0
Ragi,21.0,63.0,2880.1,0,0
Ragi,29.0,38.0,3267.3,0,0
Ragi,20.8,49.6,3705.24,0,0
Ragi,24.2,58.5,2514.94,0,0
Sugarcane,28.9,46.4,2240.69,0,0
Sugarcane,36.8,77.7,3120.16,1,1
Ragi,32.2,57.4,2643.56,0,0
Sugarcane,25.1,77.0,2664.96,0,0
Paddy,29.0,72.5,2047.65,0,0
Sugarcane,37.4,48.6,3213.99,0,1
Sugarcane,29.9,54.2,2758.45,0,0
Ragi,23.5,42.7,3674.63,0,0
Paddy,29.2,77.6,1935.7,0,0
Paddy,32.3,91.0,2041.35,2,0
Ragi,26.2,30.5,2884.73,0,0
Ragi,30.1,37.2,3402.13,0,0
Ragi,27.3,47.2,3462.81,0,0
Sugarcane,35.8,69.3,2772.4,0,1
Paddy,29.0,72.1,2089.94,0,0
Paddy,33.5,64.3,2244.25,0,1
Ragi,23.3,50.8,3290.08,0,0
Paddy,24.2,68.5,1987.32,0,0
Paddy,24.9,93.6,2231.41,0,0
Sugarcane,31.2,70.2,3307.2,0,0
Ragi,30.4,58.1,2723.2,0,0
Paddy,26.3,79.1,2202.79,0,0
Sugarcane,33.0,44.6,2908.46,0,0
Sugarcane,30.1,45.7,3038.11,0,0
Ragi,21.7,60.6,3382.57,0,0
Paddy,28.6,74.7,1812.69,0,0
Sugarcane,37.9,66.9,2612.18,0,1
Sugarcane,34.4,67.5,2379.91,0,1
Sugarcane,36.0,67.9,3128.96,0,1
Sugarcane,37.3,73.7,2727.64,1,1
Ragi,24.3,51.3,3163.73,0,0
Ragi,32.8,65.3,3106.2,1,0
Sugarcane,31.1,65.9,2023.26,0,0
Paddy,22.9,90.7,2072.58,0,0
Sugarcane,36.1,73.9,2818.38,1,1
Sugarcane,26.1,55.0,3205.72,0,0
Ragi,23.5,67.7,2555.69,1,0
Ragi,23.3,44.0,2984.29,0,0
Ragi,30.6,45.0,2980.33,0,0
Ragi,29.9,58.4,2510.87,0,0
Ragi,32.5,63.7,2985.21,0,0
Ragi,32.1,60.9,3212.94,0,0
Sugarcane,33.7,57.0,2822.05,0,1
Sugarcane,30.3,67.1,3137.75,0,0
Ragi,30.1,54.8,3464.93,0,0
Ragi,29.9,43.9,3007.98,0,0
Paddy,33.8,86.6,2218.01,2,1
Paddy,33.6,80.3,2242.67,0,1
Paddy,26.0,74.5,2298.94,0,0
Ragi,22.8,54.0,3619.97,0,0
Paddy,33.8,77.7,1931.54,0,1
Sugarcane,33.8,45.3,2665.79,0,1
Ragi,29.9,61.8,2853.53,0,0
Paddy,28.9,82.3,2323.76,0,0
Sugarcane,29.9,50.8,2286.39,0,0
Paddy,25.6,82.9,2376.64,0,0
Paddy,30.6,88.5,2344.62,2,0
Ragi,34.7,61.5,3505.76,0,1
Sugarcane,31.5,41.2,2389.36,0,0
Paddy,27.4,91.1,2377.03,0,0
Paddy,30.7,71.3,2428.54,0,0
Ragi,27.7,59.4,3067.35,0,0
Sugarcane,37.4,73.8,2373.51,1,1
Paddy,31.2,93.9,2378.66,2,0
Ragi,34.0,62.1,3376.54,0,1
Ragi,35.0,39.7,2552.46,0,1
Sugarcane,29.8,78.4,3337.57,0,0
Sugarcane,36.8,62.6,2469.17,0,1
Sugarcane,28.5,40.6,3146.53,0,0
Paddy,31.2,70.8,1892.85,0,0
Ragi,20.1,67.5,3039.26,1,0
Sugarcane,33.8,63.2,3486.02,0,1
Ragi,31.0,57.0,2679.97,0,0
Sugarcane,28.4,63.9,3392.27,0,0
Paddy,26.8,81.6,2243.15,0,0
Sugarcane,39.9,79.2,2974.26,1,1
Sugarcane,31.9,77.6,2756.01,0,0
Ragi,32.5,44.5,3622.73,0,0
Ragi,33.9,55.3,2570.71,0,1
Ragi,30.5,55.9,2857.87,0,0
Ragi,31.2,62.4,3037.98,0,0
Paddy,27.9,83.4,2386.16,0,0
Paddy,22.8,84.0,1817.48,0,0
Ragi,30.5,63.5,3543.65,0,0
Paddy,33.8,82.4,2467.47,0,1
Sugarcane,27.3,62.9,2415.52,0,0
Paddy,29.6,80.7,2048.45,0,0
Paddy,31.1,62.3,1961.56,0,0
Sugarcane,34.1,75.2,3324.37,0,1
Paddy,29.8,77.6,2483.33,0,0
Ragi,31.1,41.5,3543.43,0,0
Ragi,23.0,38.6,3398.58,0,0
Ragi,34.6,48.6,3601.6,0,1
Paddy,23.7,72.2,2104.78,0,0
Sugarcane,35.0,75.7,2459.08,1,1
Paddy,27.0,62.5,1947.56,0,0
Paddy,28.2,61.9,2459.67,0,0
Ragi,22.2,68.9,3487.08,1,0
Ragi,32.0,43.1,2889.2,0,0
Paddy,22.3,88.9,2055.92,0,0
Sugarcane,29.5,79.0,2255.17,0,0
Ragi,31.7,33.1,3782.75,0,0
Ragi,21.5,63.2,3418.68,0,0
Paddy,32.4,64.8,2206.49,0,0
Paddy,26.1,60.1,1921.97,0,0
Ragi,21.2,48.4,2898.4,0,0
Sugarcane,35.7,51.3,2545.71,0,1
Paddy,31.4,80.1,2267.05,0,0
Sugarcane,37.9,52.6,2807.03,0,1
Ragi,28.4,60.6,3722.54,0,0
Paddy,24.5,77.1,2319.15,0,0
Ragi,28.4,57.5,3355.51,0,0
Sugarcane,37.9,56.3,2492.35,0,1
Ragi,31.4,35.0,2755.34,0,0
Sugarcane,37.3,60.4,3104.36,0,1
Paddy,33.3,74.1,2479.16,0,1
Sugarcane,36.1,51.2,2197.48,0,1
Sugarcane,29.2,48.7,2274.26,0,0
Paddy,33.7,81.1,2203.63,0,1
Ragi,28.6,35.7,2986.91,0,0
Ragi,34.1,65.8,2938.72,1,1
Ragi,32.7,61.8,2727.66,0,0
Sugarcane,25.4,50.1,2780.11,0,0
Ragi,28.8,60.1,3310.52,0,0
Paddy,32.3,82.0,2325.19,0,0
Paddy,25.4,79.4,1939.65,0,0
Paddy,25.1,93.2,2461.27,0,0
Ragi,23.6,66.3,3108.49,1,0
Sugarcane,36.6,68.1,2922.88,0,1
Paddy,27.6,80.9,2499.69,0,0
Paddy,27.2,89.0,1919.5,0,0
